Workbook

Sheet Config
A1: Tipo | B1: Barrio | C1: Estado | D1: Material | E1: Fuente
A2: Gym | B2: Chapinero | C2: Frio | D2: Nada | E2: Google Maps
A3: Restaurante | B3: Usaquen | C3: Tibio | D3: One-Pager | E3: Referido
A4: Clinica | B4: Suba | C4: Caliente | D4: Deck | E4: Instagram
A5: Spa | B5: Engativa | C5: Compro | D5: One-Pager + Deck | E5: LinkedIn
A6: Academia | B6: Kennnedy | C6: Descartado | D6: Solo mensaje | E6: Otro
A7: Otro | B7: Santa Fe | C7: Sin respuesta
B8: Teusaquillo
B9: Otro

Sheet Prospectos
A1: KanbanPro — Tracker de Prospectos
A2: # | B2: Negocio | C2: Tipo | D2: Barrio | E2: Contacto | F2: WhatsApp | G2: Fuente | H2: 1er Contacto | I2: Material Env. | J2: Estado | K2: Ult. Contacto | L2: Prox. Follow-up | M2: Dias Restantes | N2: Notas | O2: Ingreso USD
A3: 1 | B3: CrossFit Norte | C3: Gym | D3: Chapinero | E3: Carlos M. | F3: 321 555 0011 | G3: Google Maps | H3: 46088 | I3: One-Pager | J3: Tibio | K3: 46090 | L3: 46092 | M3: =L3-TODAY() | O3: =IF(J3="Compro",22,0)
A4: 2 | B4: Iron Gym | C4: Gym | D4: Usaquen | E4: Sandra R. | F4: 312 444 0099 | G4: Google Maps | H4: 46086 | I4: One-Pager + Deck | J4: Caliente | K4: 46089 | L4: 46091 | M4: =L4-TODAY() | O4: =IF(J4="Compro",22,0)
A5: 3 | B5: FitLife Studio | C5: Gym | D5: Suba | E5: Diego L. | F5: 310 777 0033 | G5: Google Maps | H5: 46084 | I5: Nada | J5: Frio | K5: 46084 | L5: 46094 | M5: =L5-TODAY() | O5: =IF(J5="Compro",22,0)
A6: 4 | B6: Muscle Zone | C6: Gym | D6: Chapinero | E6: Maria F. | F6: 315 888 0044 | G6: Referido | H6: 46089 | I6: Solo mensaje | J6: Sin respuesta | K6: 46089 | L6: 46093 | M6: =L6-TODAY() | O6: =IF(J6="Compro",22,0)
A7: 5 | B7: PowerHouse GYM | C7: Gym | D7: Usaquen | E7: Juan P. | F7: 318 999 0055 | G7: Google Maps | H7: 46090 | I7: One-Pager | J7: Compro | K7: 46091 | L7: 46121 | M7: =L7-TODAY() | O7: =IF(J7="Compro",22,0)
A8: 6 | M8: =IF(L8="","",L8-TODAY()) | O8: =IF(J8="Compro",22,0)
A9: 7 | M9: =IF(L9="","",L9-TODAY()) | O9: =IF(J9="Compro",22,0)
A10: 8 | M10: =IF(L10="","",L10-TODAY()) | O10: =IF(J10="Compro",22,0)
A11: 9 | M11: =IF(L11="","",L11-TODAY()) | O11: =IF(J11="Compro",22,0)
A12: 10 | M12: =IF(L12="","",L12-TODAY()) | O12: =IF(J12="Compro",22,0)
A13: 11 | M13: =IF(L13="","",L13-TODAY()) | O13: =IF(J13="Compro",22,0)
A14: 12 | M14: =IF(L14="","",L14-TODAY()) | O14: =IF(J14="Compro",22,0)
A15: 13 | M15: =IF(L15="","",L15-TODAY()) | O15: =IF(J15="Compro",22,0)
A16: 14 | M16: =IF(L16="","",L16-TODAY()) | O16: =IF(J16="Compro",22,0)
A17: 15 | M17: =IF(L17="","",L17-TODAY()) | O17: =IF(J17="Compro",22,0)
A18: 16 | M18: =IF(L18="","",L18-TODAY()) | O18: =IF(J18="Compro",22,0)
A19: 17 | M19: =IF(L19="","",L19-TODAY()) | O19: =IF(J19="Compro",22,0)
... A102: 100 | M102: =IF(L102="","",L102-TODAY()) | O102: =IF(J102="Compro",22,0)

Sheet Dashboard
A1: KanbanPro — Dashboard de Ventas
A3: KPIs Generales
A4: Total contactados | B4: =COUNTA(Prospectos!B3:B102)
A5: Respondieron | B5: =COUNTIF(Prospectos!J3:J102,"<>Frio")-COUNTIF(Prospectos!J3:J102,"Sin respuesta")
A6: Calientes | B6: =COUNTIF(Prospectos!J3:J102,"Caliente")
A7: Compraron | B7: =COUNTIF(Prospectos!J3:J102,"Compro")
A8: Tasa conversion % | B8: =IFERROR(COUNTIF(Prospectos!J3:J102,"Compro")/COUNTA(Prospectos!B3:B102),0)
A9: Tasa respuesta % | B9: =IFERROR((COUNTA(Prospectos!J3:J102)-COUNTIF(Prospectos!J3:J102,"Frio")-COUNTIF(Prospectos!J3:J102,"Sin respuesta"))/COUNTA(Prospectos!B3:B102),0)
A10: Ingresos totales USD | B10: =SUMIF(Prospectos!J3:J102,"Compro",Prospectos!O3:O102)
A11: Proyeccion mensual (x4.3 sem) | B11: =IFERROR(B9*4.3,0)
A13: Conversion por Tipo de Negocio | D13: Conversion por Barrio
A14: Tipo | B14: Contactados | D14: Barrio | E14: Contactados
A15: Gym | B15: =COUNTIF(Prospectos!C3:C102,A15) | D15: Chapinero | E15: =COUNTIF(Prospectos!D3:D102,D15)
A16: Restaurante | B16: =COUNTIF(Prospectos!C3:C102,A16) | D16: Usaquen | E16: =COUNTIF(Prospectos!D3:D102,D16)
A17: Clinica | B17: =COUNTIF(Prospectos!C3:C102,A17) | D17: Suba | E17: =COUNTIF(Prospectos!D3:D102,D17)
A18: Spa | B18: =COUNTIF(Prospectos!C3:C102,A18) | D18: Engativa | E18: =COUNTIF(Prospectos!D3:D102,D18)
A19: Academia | B19: =COUNTIF(Prospectos!C3:C102,A19) | D19: Kennedy | E19: =COUNTIF(Prospectos!D3:D102,D19)
A20: Otro | B20: =COUNTIF(Prospectos!C3:C102,A20) | D20: Santa Fe | E20: =COUNTIF(Prospectos!D3:D102,D20)
D21: Teusaquillo | E21: =COUNTIF(Prospectos!D3:D102,D21)
D22: Otro | E22: =COUNTIF(Prospectos!D3:D102,D22)
A23: Meta Semanal — 28 contactos / semana
A24: Contactos esta semana | B24: =COUNTIFS(Prospectos!H3:H102,">="&(TODAY()-WEEKDAY(TODAY(),2)+1),Prospectos!H3:H102,"<="&(TODAY()-WEEKDAY(TODAY(),2)+7))
A25: Meta semanal | B25: 28
A26: Cumplimiento % | B26: =IFERROR(B24/B25,0)
A27: Ventas necesarias/sem para 10 USD/mes | B27: =IFERROR(CEILING(10/22,1),"")
A30: USO: Actualiza la hoja Prospectos. Este dashboard recalcula automaticamente.
